Cover,Title,Author,Publisher,PublicationDate,Price,Description
https://contents.kyobobook.co.kr/sih/fit-in/300x0/pdt/9788936434120.jpg,소년이 온다,한강,·,창비,10%,"2014년 만해문학상, 2017년 이탈리아 말라파르테 문학상을 수상하고 전세계 20여개국에 번역 출간되며 세계를 사로잡은 우리 시대의 소설 『소년이 온다』.
이 작품은 『채식주의자』로 인터내셔널 부커상을 수상한 한강 작가에게 “눈을 뗄 수 없는, 보편적이며 깊은 울림”(뉴욕타임즈), “역사와 인간의 본질을 다룬 충격적이고 도발적인 소설”(가디언), “한강을 뛰어넘은 한강의 소설”(문학평론가 신형철)이라는 찬사를 선사한 작품으로, 그간 많은 독자들에게 광주의 상처를 깨우치고 함께 아파하는 문학적인 헌사로 높은 관심과 찬사를 받아왔다. 
『소년이 온다』는 ‘상처의 구조에 대한 투시와 천착의 서사’를 통해 한강만이 풀어낼 수 있는 방식으로 1980년 5월을 새롭게 조명하며, 무고한 영혼들의 말을 대신 전하는 듯한 진심 어린 문장들로 5·18 이후를 살고 있는 우리에게 묵직한 질문을 던진다. 
이 작품은 가장 한국적인 서사로 세계를 사로잡은 한강 문학의 지향점을 보여준다. 인간의 잔혹함과 위대함을 동시에 증언하는 이 충일한 서사는 이렇듯 시공간의 한계를 넘어 인간 역사의 보편성을 보여주며 훼손되지 말아야 할 인간성을 절박하게 복원한다."
https://contents.kyobobook.co.kr/sih/fit-in/300x0/pdt/9788936434595.jpg,채식주의자,한강,·,창비,10%,"2016년 인터내셔널 부커상을 수상하며 한국문학의 입지를 한단계 확장시킨 한강의 장편소설 『채식주의자』를 15년 만에 새로운 장정으로 선보인다. 상처받은 영혼의 고통과 식물적 상상력의 강렬한 결합을 정교한 구성과 흡인력 있는 문체로 보여주는 이 작품은 섬뜩한 아름다움의 미학을 한강만의 방식으로 완성한 역작이다. “탄탄하고 정교하며 충격적인 작품으로, 독자들의 마음에 그리고 아마도 그들의 꿈에 오래도록 머물 것이다”라는 평을 받으며 인터내셔널 부커상을 수상했던 『채식주의자』는 “미국 문학계에 파문을 일으키면서도 독자들과 공명할 것으로 보인다”(뉴욕타임스), “놀라울 정도로 아름다운 산문과 믿을 수 없을 만큼 폭력적인 내용의 조합이 충격적이다”(가디언)라는 해외서평을 받았고 2018년에는 스페인에서 산클레멘테 문학상을 받는 등 전세계에서 뜨거운 반응을 일으켰다. 국내에서는 현재까지 100만부 가까이 판매되었다.

『채식주의자』는 어느 날부터 육식을 거부하며 가족들과 갈등을 빚기 시작하는 ‘영혜’가 중심인물로 등장하는 장편소설이다. 하지만 소설은 영혜를 둘러싼 세 인물인 남편, 형부, 언니의 시선에서 서술되며 영혜는 단 한번도 주도적인 화자의 위치를 얻지 못한다. 가족의 이름으로 자행되는 가부장의 폭력, 그리고 그 폭력에 저항하며 금식을 통해 동물성을 벗어던지고 나무가 되고자 한 영혜가 보여주는 식물적 상상력의 경지는 모든 세대 독자를 아우르며 더 크나큰 공명을 이루어낼 것이다."
https://contents.kyobobook.co.kr/sih/fit-in/300x0/pdt/9788954682152.jpg,작별하지 않는다,한강,·,문학동네,10%,"2016년 『채식주의자』로 인터내셔널 부커상을 수상하고 2018년 『흰』으로 같은 상 최종 후보에 오른 한강 작가의 5년 만의 신작 장편소설 『작별하지 않는다』가 출간되었다. 2019년 겨울부터 이듬해 봄까지 계간 『문학동네』에 전반부를 연재하면서부터 큰 관심을 모았고, 그뒤 일 년여에 걸쳐 후반부를 집필하고 또 전체를 공들여 다듬는 지난한 과정을 거쳐 완성되었다. 본래 「눈 한 송이가 녹는 동안」(2015년 황순원문학상 수상작), 「작별」(2018년 김유정문학상 수상작)을 잇는 ‘눈’ 3부작의 마지막 작품으로 구상되었으나 그 자체 완결된 작품의 형태로 엮이게 된바, 한강 작가의 문학적 궤적에서 『작별하지 않는다』가 지니는 각별한 의미를 짚어볼 수 있다. 이로써 『소년이 온다』(2014), 『흰』(2016), ‘눈’ 연작(2015, 2017) 등 근작들을 통해 어둠 속에서도 한줄기 빛을 향해 나아가는 인간의 고투와 존엄을 그려온 한강 문학이 다다른 눈부신 현재를 또렷한 모습으로 확인할 수 있게 되었다. 오래지 않은 비극적 역사의 기억으로부터 길어올린, 그럼에도 인간을 끝내 인간이게 하는 간절하고 지극한 사랑의 이야기가 눈이 시리도록 선연한 이미지와 유려하고 시적인 문장에 실려 압도적인 아름다움으로 다가온다."
https://contents.kyobobook.co.kr/sih/fit-in/300x0/pdt/9791198517425.jpg,불변의 법칙,모건 하우절,·,서삼독,10%,"세계적인 베스트셀러 《돈의 심리학》의 저자 모건 하우절이 3년 만에 세상에 내놓은 신작.‘절대 변하지 않는 것들에 대한 23가지 이야기’를 전한다. 출간하자마자 아마존과 뉴욕타임스 베스트셀러 자리에 오르며 아마존 독자들과 오피니언 리더들의 극찬을 받았다. 
이번 책은 돈과 투자 영역은 물론이고, 인간의 본성과 세상의 이치에 관한 이야기를 두루 다루어 한층 더 다층적이고 복합적인 메시지를 담아냈다는 평가를 받는다. 모건 하우절은 사람들은 무엇이 변할 것인지에 대해 늘 관심을 갖지만, 미래에 대비하기 위해서는 오히려 과거에도 지금도 미래에도 변함이 없는‘불변의 법칙’에 대해 알아야 한다고 강조한다. 이에 1000년 후에도 유효할 인간의 행동양식과 반복패턴에 대한 흥미로운 역사 스토리와 일화들을 들려준다. 워런 버핏의 스니커즈, 빌 게이츠의 숨겨진 불안, 유발 하라리가 받은 뜻밖의 비난, 게임스탑 사태의 보이지 않는 변수, 벌지 전투의 최후, 마술사 후디니의 죽음 등, 한 편 한 편의 이야기가 마치 다큐소설처럼 펼쳐진다. 흥미로운 일화 속에 인간사를 꿰뚫는 통찰과 삶의 교훈을 구슬처럼 꿰어내어 “역시 모건 하우절이다”라는 찬사를 받았다. 스콧 갤러웨이, 라이온 홀리데이는 물론, 국내 유수의 리더들 또한 먼저 읽고 “대단한 책이다”라는 평가를 내놓았다."
https://contents.kyobobook.co.kr/sih/fit-in/300x0/pdt/9791192300818.jpg,마흔에 읽는 쇼펜하우어,강용수,·,유노북스,10%,"마흔의 마음은 복잡하다. 그동안 수많은 시험을 치르고 자리 잡기 시작했지만, 한참 남은 인생이 기대되기보다 늘 그렇듯 같은 일상이 반복될 것이라는 생각을 하게 된다. 벌써부터 웬만한 일은 재미가 없고 뻔하게 느껴진다. 언제부터인가 “산다는 것은 괴로운 것이다”라는 말에 고개를 끄덕이게 됐다. 행복, 고통, 인생에 대해 고민하기 시작한 당신에게 쇼펜하우어의 조언이 필요할 때다.

“즐겁고 행복하게 사는 기술이 삶의 지혜다.”

행복과 고통에 대해 알기 시작할 때, 삶을 현실적으로 보고 싶을 때, 인생의 무게 중심을 옮겨야 할 때, 마음의 위기를 겪을 때, 쇼펜하우어를 빼놓고 인생을 논하지 마라. 쇼펜하우어는 인생에 고난과 고통이 어느 정도 필요하다며, 인생이 고통이라면 ‘진짜 행복’을 위한 고통을 겪으라고 말했다. 삶의 기준을 타인에게서 자신으로 옮기며 스스로 무너지고 깨지고 부서져 보면 새로운 것을 발견할 수 있다. 바로 자기 자신을 긍정하는 마음, 타인에게 비굴하지 않는 당당함, 스스로의 힘으로 살 수 있는 품격이다. 쇼펜하우어는 마음을 다스릴 수 있는 지혜들을 책으로 남겼다.

쇼펜하우어 철학은 프리드리히 니체, 아인슈타인, 카를 융, 바그너, 헤르만 헤세, 프란츠 카프카, 톨스토이 등 각계 명사들에게 영향과 영감을 주었다. 그런 그도 40대까지는 학계를 떠나 은둔 생활을 했다. 하지만 쇼펜하우어는 언제든 자신이 인정받을 것이라는 자부심을 갖고 흔들리지 않았다. 쇼펜하우어는 40대 중반부터 서서히 실력이 알려지며 세계적인 명성을 떨쳤다. 그에게 40대는 위기를 넘은 때이자 인생이 바뀐 분기점이다.

《마흔에 읽는 쇼펜하우어》는 인생의 의미를 끊임없이 고민한 철학자, 아르투어 쇼펜하우어가 남긴 철학적 사유 중에서 현시대 40대가 회의감과 상실감 등 마음의 위기를 다스리는 데 도움이 되는 내용 30가지를 담았다. 세계 거장들의 철학자이자 ‘생활 철학자’인 쇼펜하우어로부터 괴로움을 해소하는 법, 자기 인생에 집중하는 법, 자긍심을 갖는 법, 시간의 의미를 깨닫고 현명하게 사는 법, 그리하여 행복하게 사는 법을 배울 수 있다. 인생의 분기점에 서 있는 마흔에게 삶의 지혜를 줄 것이다.

가장 열정적으로 살아가는 인생의 황금기이자 ‘인생은 고통’이라는 인식에 다다르는 마흔, 또는 마흔을 앞두었거나 되돌아보는 나이라면 삶의 한계를 인정하면서도 주도적으로 살았던 쇼펜하우어를 만나 보라. 애써 위로하지 않아서 더 위로가 되는 쇼펜하우어의 냉철한 조언을 통해 인생의 고민들을 떨치고 마음을 다스리는 통찰력과 행복의 열쇠를 손에 쥘 수 있을 것이다."
https://contents.kyobobook.co.kr/sih/fit-in/300x0/pdt/9788998441012.jpg,모순,양귀자,·,쓰다,10%,"양귀자 소설의 힘을 보여준 베스트셀러 『모순』. 1998년에 초판이 출간된 이후 132쇄를 찍으며 여전히 많은 사랑을 받고 있는 작품을, 오래도록 소장할 수 있는 양장본으로 새롭게 선보인다. 스물다섯 살 미혼여성 안진진을 통해 모순으로 가득한 우리의 인생을 들여다본다. 작가 특유의 섬세한 문장들로 여러 인물들의 삶을 생생하게 그려내고 있다.

시장에서 내복을 팔고 있는 억척스런 어머니와 행방불명 상태로 떠돌다 가끔씩 귀가하는 아버지, 조폭의 보스가 인생의 꿈인 남동생을 가족으로 둔 안진진. 어머니와 일란성 쌍둥이인 이모는 부유하지만 지루한 삶에 지쳐 있고, 가난한 어머니는 처리해야 할 불행들이 많아 지루할 틈이 없다. 안진진은 사뭇 다른 어머니와 이모의 삶을 바라보며 모순투성이인 삶을 어떻게 이해해야 하는지 고민하기 시작하는데…."
https://contents.kyobobook.co.kr/sih/fit-in/300x0/pdt/9788901276533.jpg,나는 메트로폴리탄 미술관의 경비원입니다(20만 부 기념 양장 에디션),패트릭 브링리,·,웅진지식하우스,10%,"“나의 결혼식이 열렸어야 했던 날, 형의 장례식이 거행되었다.
그해 가을, 나는 다니던 《뉴요커》를 그만두고 
메트로폴리탄 미술관의 경비원으로 지원했다. 
그렇게 한동안은 고요하게 서 있고 싶었다”


2024년 독자들의 뜨거운 사랑을 받은 에세이 『나는 메트로폴리탄 미술관의 경비원입니다』가 ‘20만 부 기념 양장 에디션’으로 새롭게 태어났다. 2023년 11월 초판이 출간되어 ‘메트로폴리탄 열풍’을 불러일으킨 지 꼭 1년 만이다. 한정판으로 발간된 20만 부 기념 양장 에디션은 메트로폴리탄 미술관 특유의 고즈넉함을 상징하는 세피아 톤과 삶에 대한 희망을 상징하는 레드 톤이 어우러진 감각적인 표지로 재탄생했다. 이와 함께 양장본 표지에 사용된 엔젤클로스 종이 특유의 질감은 마치 전시회 도록을 보는 듯한 고급스러움을 더한다.

아울러 20만 부 기념 양장 에디션에는 한국 독자들에게 전하는 저자 패트릭 브링리의 특별 서문을 담았다. “고독 속에서 쓴 책이 언어의 장벽을 넘고 바다를 건너 수많은 사람들과 깊숙이 연결될 수 있다는 사실을 알게 되어 감사하다”는 저자의 말처럼, 한국 독자를 향한 애정과 존중은 물론 인생과 예술에 대한 특유의 유려하고 위트 있는 문장을 감상할 수 있다.

이번 양장 에디션은 독자들에게 또 하나의 특별한 선물을 선사한다. QR코드를 찍기만 하면 본문 속 186가지 예술 작품을 한눈에 볼 수 있는 별책부록이 바로 그것이다. 일전에 한정판으로 제작된 이후 쇄도하는 독자들의 요청에 응답해 20만 부를 기념해 다시 한 번 증정한다. 마지막으로 양장 에디션 구매 독자들은 책 속에 삽입된 QR코드를 통해 2025년 예정인 저자 방한 기념 독자 초대 이벤트에 응모할 수 있다. 

상실의 아픔 속에서 길어 올린 삶과 예술의 의미를 들려주며 전 세계에서 ‘눈부시게 아름다운 이야기’라는 찬사를 받은 이 책은 한 해가 저물어가는 이 시점에 더욱 의미 있게 다가온다. 오랜 슬픔과 무기력에서 한 걸음 내딛고 싶은 이들, 소용돌이치는 삶에서 치유와 사색이 필요한 이들에게 20주년 기념 양장 에디션은 더욱 감동적인 연말 선물이 되어줄 것이다.

* 이 책은 2023년 출간된 『나는 메트로폴리탄 미술관의 경비원입니다』  초판의 20만 부 기념 양장 에디션으로 한국어판 특별 서문을 제외한 도서 내용은 초판과 동일합니다."
https://contents.kyobobook.co.kr/sih/fit-in/300x0/pdt/9791168473690.jpg,세이노의 가르침,세이노(SayNo),·,데이원,10%,"2000년부터 발표된 그의 주옥같은 글들. 독자들이 자발적으로 만든 제본서는 물론, 전자책과 앱까지 나왔던 《세이노의 가르침》이 드디어 전국 서점에서 독자들을 마주한다. 여러 판본을 모으고 저자의 확인을 거쳐 최근 생각을 추가로 수록하였다. 정식 출간본에만 추가로 수록된 글들은 목차와 본문에 별도 표시하였다.

더 많은 사람이 이 책을 보고 힘을 얻길 바라기에 인세도 안 받는 저자의  마음을 담아, 700쪽이 넘는 분량에도 7천 원 안팎에 책을 구매할 수 있도록 했다. 정식 출간 전자책 또한 무료로 선보인다.

*필명 ‘세이노(Say No)’는 당신이 믿고 있는 것들에 ‘No!’를 외치고 제대로 살아가라는 뜻이다. 세이노는 지난 20여 년간 여러 칼럼을 통해 인생 선배로서 부와 성공에 대한 지혜와 함께 삶에 대한 체험적 지식을 나누어 주었다. 그래서 그의 글을 좋아하는 사람들은 그를 ‘세이노 스승님’이라 부른다."
https://contents.kyobobook.co.kr/sih/fit-in/300x0/pdt/9788954651134.jpg,흰,한강,·,문학동네,10%,"한국인 최초 맨부커상 수상 작가 한강의 소설 『흰』. 2018년 맨부커 인터네셔널 부문 최종후보작으로 선정된 이 작품은, 2013년 겨울에 기획해 2014년에 완성된 초고를 바탕으로 글의 매무새를 닳도록 만지고 또 어루만져서 2016년 5월에 처음 펴냈던 책이다. 삶과 죽음이라는 경계를 무력하게 만드는 이 소설은 한 권의 시집으로 읽힘에 손색이 없는 65편의 이야기로 구성되어 있다. 

강보, 배내옷, 각설탕, 입김, 달, 쌀, 파도, 백지, 백발, 수의…. 작가로부터 불려나온 흰 것의 목록은 총 65개의 이야기로 파생되어 ‘나’와 ‘그녀’와 ‘모든 흰’이라는 세 개의 장 아래 담겨 있다. 한 권의 소설이지만 각 소제목, 흰 것의 목록들 아래 각각의 이야기들이 그 자체로 밀도 있는 완성도를 자랑한다. 

‘나’에게는 죽은 어머니가 스물세 살에 낳았다 태어난 지 두 시간 만에 죽었다는 ‘언니’의 사연이 있다. 나는 지구의 반대편의 오래된 한 도시로 옮겨온 뒤에도 자꾸만 떠오르는 오래된 기억들에 사로잡힌다. 나에게서 비롯된 이야기는 ‘그녀’에게로 시선을 옮겨간다. 나는 그녀가 나대신 이곳으로 왔다고 생각하고, 그런 그녀를 통해 세상의 흰 것들을 다시금 만나기에 이른다."
https://contents.kyobobook.co.kr/sih/fit-in/300x0/pdt/9788932024639.jpg,서랍에 저녁을 넣어 두었다,한강,·,문학과지성사,10%,"한강 문학의 시적 기원!
“한강의 소설에 등장하는 수많은 그림의 실재가 궁금했던 사람들은 
이제 시집 『서랍에 저녁을 넣어 두었다』를 펼치면 된다”

1993년 계간 『문학과사회』 겨울호에 시 「서울의 겨울」 외 4편을 발표하고 이듬해 『서울신문』 신춘문예에 단편소설 「붉은 닻」이 당선되어 작품 활동을 시작한 한강이 틈틈이 쓰고 발표한 시들 중 60편을 추려 묶어 데뷔 20년 만에 펴낸 첫 시집이다. 인간 삶의 고독과 비애, 삶과 죽음의 경계에서 맞닥뜨리는 어떤 진실과 본질적인 정서들을 특유의 단단하고 시정 어린 문체로 새겨온 시인은 한국소설문학상(1999), 오늘의 젊은 예술가상(2000), 이상문학상(2005), 동리문학상(2010), 만해문학상(2014), 황순원문학상(2015), 인터내셔널 부커상(2016), 말라파르테 문학상(2017), 김유정문학상(2018), 산클레멘테 문학상(2019), 대산문학상(2022), 메디치 외국문학상(2023), 에밀 기메 아시아문학상(2024), 노벨문학상(2024) 등을 수상한 바 있다."
https://contents.kyobobook.co.kr/sih/fit-in/300x0/pdt/9791191056372.jpg,돈의 심리학(30만 부 기념 스페셜 에디션),모건 하우절,·,인플루엔셜,10%,"월스트리트저널에서 10년 넘게 금융과 투자에 대한 글을 써온 칼럼니스트이자 콜라보레이티브 펀드 파트너로 활동중인 모건 하우절의 첫 책이다. 출간 즉시 아마존 투자 분야 1위를 차지했고 개인 투자자부터 전문 컨설턴트까지 극찬 세례를 받으며 명실상부 ‘2020 아마존 최고의 금융도서’로 평가받는다.
《돈의 심리학》은 총 20개 스토리로 구성되어 있다. ‘스토리텔링의 천재’ ‘소설가의 기술을 가진 금융 작가’라는 별명답게 모건 하우절이 들려주는 20개의 투자 스토리는 대단히 매력적이다. 하나하나 실화와 실증에 바탕을 두되 이야기의 재미와 투자의 교훈을 빠짐없이 담아냈다. 
제2차 세계대전 당시 독일의 탱크 부대 이야기, 마이크로소프트 창업에 관한 빌 게이츠의 고백, LA에서 주차 대행 아르바이트를 하던 시절 페라리에 얽힌 에피소드, 워런 버핏의 놀라운 수익률의 비밀까지 다양한 이야기를 흥미롭게 전개하여 읽는 이들을 단번에 사로잡는다. 또한 그 끝에는 하나같이 감탄을 부르는 탁월한 통찰을 담고 있다. 부에 관한 문제는 결국 학력, 지능, 노력과 직접적 관련이 없으며 돈에 관한 인간의 편향, 심리, 다시 말해 ‘돈의 심리학’과 밀접한 관련이 있음을 깨닫게 한다. 
국내에서 30만 부 판매 돌파를 기념하여 출간하는 ‘스페셜 에디션’에는 모건 하우절이 새롭게 쓴 ‘보너스 스토리’가 수록된다. 책이 출간된 지 2년이 지난 시점에서 그가 새롭게 깨달은 ‘부의 비밀’에 대해 이야기한다. 세상이 아무리 바뀌어도 모건 하우절이 제시하는 ‘돈의 심리학’의 힘은 여전하다. 그것이 국내외 투자전문가들이 이 책을 ‘투자서의 현대판 고전’으로 앞다퉈 추천하는 이유이다. 
 결국 학력, 지능, 노력과 직접적 관련이 없으며 돈에 관한 인간의 편향, 심리, 다시 말해 ‘돈의 심리학’과 밀접한 관련이 있음을 깨닫게 한다."
https://contents.kyobobook.co.kr/sih/fit-in/300x0/pdt/9791198682505.jpg,나를 소모하지 않는 현명한 태도에 관하여,마티아스 뇔케,·,퍼스트펭귄,10%,"더 성공해야 하고, 더 노력해야 하고, 더 욕망해야 하고, 더 보여줘야 한다는 강박이 난무하는 시대다. 그러나 모두가 자기를 내세우고 드러내느라 시끄러운 세상에서는 역설적으로 절제된 말과 행동, 고요함과 평온함이 더 절실히 그리워지고, 더 강력하게 다가오기 마련이다. 『나를 소모하지 않는 현명한 태도에 관하여』는 모든 것이 과하게 요구되고, 요란하게 소비되는 시대에 ‘더 현명한 삶의 방식’은 무엇인지를 통찰한 책이다. 독일의 언론인이자 베스트셀러 작가이며 문학과 커뮤니케이션 과학, 심리학 등을 두루 공부한 마티아스 뇔케 박사는 특유의 재치와 명쾌함이 돋이는 글쓰기로 ‘보여주기 위해 극대화하는 삶이 아닌 조용히 나를 지키는 삶’으로 독자들을 안내한다. 
과도하게 애쓰며 자신의 삶을 소모하지 않아도, 조용히 자신의 존재감을 빛내며 능력을 발휘하는 사람들이 있다. “겸손이야말로 자신감을 보여줄 수 있는 가장 효과적이고 배려 깊은 태도”라고 말하는 저자는 누구나 공감하게 만드는 풍부한 사례를 통해 ‘겸손한 태도’가 발휘하는 힘을 매우 유쾌하게 펼쳐 보여준다. 현 시대의 풍경과 의미를 날카롭게 짚어내는 것은 물론 문화사적 통찰, 심리학적 측면과 관계의 기술까지 아우르며 독자들의 공감과 사색의 폭을 넓혀준다. 독일의 언론과 독자들이 극찬한 것처럼, 더 자유롭고 행복한 삶을 원한다면 마티아스 뇔케의 이 말에 귀 기울여보자. “세상이 아무리 폭풍 같아도 고요히 자기의 중심을 잃지 않는 사람. 모두 자기를 내세우느라 떠들썩한 세상에서 묵묵하게 겸손함을 선택한 사람. 이런 사람이야말로 가장 현명하고, 가장 강한 사람이다. 이런 사람은 누구도 상처 주지 않고 결국 모두를 이깁니다.”"
https://contents.kyobobook.co.kr/sih/fit-in/300x0/pdt/9788959897223.jpg,트렌드 코리아 2025,김난도 외,·,미래의창,10%,"역대급 무더위가 대한민국을 강타한 2024년 여름, 지구는 역사상 가장 뜨거운 날의 기록을 연달아 경신했다. 지금 우리는 ‘역대급’이라는 말 자체가 역대급으로 많이 쓰이는 시대를 살고 있다. 그만큼 우리 사회의 역동성이 크다는 뜻이기도 하다. 근 20년 동안 우리 사회의 추이와 소비 활동의 여러 모습을 추적, 관찰해온 트렌드 코리아 팀은 대한민국이 그 어느 때보다도 더 특유의 역동성과 역량을 바탕으로 전에 없는 다양성을 표출하는 모습을 목격하고 이를 책에 담고자 했다. 대한민국은 열풍의 나라이기도 하다. 해외 토픽을 장식한 푸바오 열풍, 마라탕과 탕후루에 이은 두바이 초콜릿 열풍, AI 열풍, 의대 열풍, 스페셜티 커피 열풍, 레트로 열풍, 남녀노소를 가리지 않는 ‘먼작귀’ 열풍까지…. 이 모든 것이 시사하는 바는 무엇인가? 이런 열풍의 이면에 있는 우리 사회 구성원들의 욕망과 결핍은 무엇일까? 〈트렌드 코리아 2025〉에서 이에 대한 답을 찾아보도록 하자."
https://contents.kyobobook.co.kr/sih/fit-in/300x0/pdt/9791171711673.jpg,하루 한 장 나의 어휘력을 위한 필사 노트,유선경,·,위즈덤하우스,10%,"최근 인공지능에 대한 관심이 뜨거워지면서 챗GPT를 활용하는 범위가 늘어나고 있다. 모바일 채팅봇의 기계적인 답변만 생각했다가, 막상 써보면 꽤 그럴싸한 언변과 뜻밖의 논리를 갖추고 있어 흠칫 놀라게 된다는 반응이 다수다. 알고 보면 크게 어려운 말도 없고, 뾰족한 메시지가 있는 것도 아닌데, 내가 하고 싶었던 말과 생각들을 그대로 읽어냈다는 느낌을 지울 수 없다. 몰라서 못 쓰는 것이 아니라 머리로는 알지만 어떻게 써야 할지 몰랐던 생각과 주장을 챗GPT가 술술 풀어내는 것을 보면서 그간의 어휘력과 문장력을 돌아보게 된다. 할 말은 많지만 쓸 만한 말이 없음을 실감하며, 전에 없던 다독 혹은 필사에 관심을 갖게 된다.  
《하루 한 장 나의 어휘력을 위한 필사 노트》는 필사를 시작하거나 하고 있는 사람이라면 한 번쯤 던져보았을 질문을 해소하는 데서 출발한다. 단순히 책 한 권을 베껴 쓰는 통 필사의 개념이 아닌, 그 이상의 효용을 끌어내기 위한 구체적인 방법들을 단계별로 제시한다. 소설, 시, 산문, 희곡 등 일상에서 흔히 읽기 어려운 다양한 작품들을 마주할 기회를 제공하는데, 특히 저자가 엄선하여 고른 본문 속 작품들은 눈으로 읽어도 좋지만 집중해서 천천히 손으로 필사할 때 더욱 각별한 ‘울림’이 있다. ‘어휘와 친해지는 법’, ‘어휘력을 기르는 비결’, ‘어휘가 주는 힘’ 등 어휘력을 끌어올리는 구체적인 방법을 제시하며 동시에 자신의 목적에 더 부합한 필사를 심화할 수 있도록 돕는다. 그 외 새롭게 읽고 필사한 문장에서 발견한 어휘를 재료로 자기만의 글쓰기를 할 수 있는 지면도 마련되어 있고, 각주에 달린 유의어 등을 본문에 대입해 읽다 보면 그간 놓치고 있던 ‘말맛’도 세세하게 느낄 수 있다. 

‘쓰지 않는 말들은 결국 쓸 수 없는 말들이다’
- 내 안의 숨은 어휘력을 찾아줄 134편의 실용적인 글쓰기, 필사   

우리가 살아가는 데 필요한 기본 어휘는 읽고, 표현하는 데 문제가 없으면 충분한 게 사실이다. 하지만 자세히 들여다보면 일상에서 주고받는 말과 글은 생각보다 다채롭지 않다. 비슷하 단어들과 형식적인 내용만 반복적으로 오간다. 그러다 보니 새로운 것을 듣고 익혀 나의 언어를 풍성하게 만들 기회가 부족하다. 빈약한 어휘는 나의 생각과 감정을 효과적으로 표현하지 못하고, 정보와 지식을 해석하는 면에서도 뒤처지는 원인이 된다. 
이 책은 풍성한 언어 구사력과 빠른 문해력에 목말라 있던 사람들을 위해 유선경 작가가 자신의 독서 경험과 필사 노하우를 결합해 만든 최초의 어휘력 필사책이다. 하루 한 장, 10분 남짓의 글쓰기를 통해 그동안 쓰지 않던 말을 꺼내어 쓸 수 있게 돕는다. 몰라서 못 쓴 것이 아니라 알고 있었지만 쓰일 기회가 적었던 표현이나 어휘를 익혀 비로소 내 것으로 만들어 준다. 
우리는 경험한 것만 알 수 있고, 그 외의 것은 미지의 영역이다. 언어도 마찬가지다. 결국 내가 쓰지 않는 말들은 쓸 수 없는 말이다. 쓰지 않는 말의 영역이 줄어들고, 쓸 수 있는 말이 점점 늘어날 때, 공적인 글쓰기뿐만 아니라 일상적인 대화에서도 나의 어휘력과 문장력이 한 결 넓어졌음을 체감하게 된다. 또한 낯선 문학 작품이나 생소한 어휘를 익히려 시작한 필사가 마음의 운동이 되고 명상이 되는 효과까지 두루 경험할 수 있어 ‘어른의 교양’을 위한 공부로도 손색이 없다.
이 책을 통해 계속해서 쓰는 사람, 가볍지만 꾸준하게 하루 한 장이라도 읽고 쓰는 기쁨을 맛본다면 필사의 기쁨과 나를 위한 공부의 효용을 체감하게 될 것이다. 그때는 부러 움직이지 않아도 책상에 노트와 펜을 들고 앉아 이 시간을 기다리는 자신과 마주하게 될 것이다. 그것이 바로 루틴의 힘이니까."
https://contents.kyobobook.co.kr/sih/fit-in/300x0/pdt/9791198686114.jpg,THE MONEY BOOK(더 머니북),토스,·,비바리퍼블리카,10%,"미국 퓨리서치센터의 조사 결과에 따르면 “삶에서 가장 가치 있다고 생각하는 것은 무엇인가""라는 질문에 17개 선진국 중 ‘가족'과 ‘직업'을 제치고 ‘물질적 행복'을 1순위로 꼽은 것은 한국이 유일했다. 그러는 한편 국내의 여러 연구에 따르면 한국인의 금융 문맹률이 심각할 정도로 높고, 특히 평생에 걸쳐 진행되어야 하는 돈 관리에 필요한 금융지식이 턱없이 부족하다고 한다. 돈이 행복의 필수 조건이라고 여기면서도, 막상 돈을 잘 모르는 사람들. 《더 머니북》은 이 사람들을 위해 만들어졌다. 

돈의 많고 적음은 개인이 당장 컨트롤하기 어렵다. 다만 '돈을 다루는 능력'은 스스로 높일 수 있다. 금융지능, 혹은 금융 이해력이라고 부를 수 있는 이 능력은 키웠을 때 돈과 닿아 있는 모든 일상에서 더 나은 쪽으로 결정할 수 있는 힘이 생기고, 낮으면 생존에 위협적이다. 부자가 되는 법과는 다르며, 개개인의 삶을 지탱해주는 근간이 된다. 

문제는 금융 이해력을 기르는 과정이 많은 부분 개인의 의지에 달렸다는 점이다. 각자 처한 환경과 정보 비대칭 속에서 알음알음 이뤄지다 보니 공통적으로 알고 있어야 하는 수준을 가늠하기 어렵다는 것 또한 우리 모두의 숙제다. 이를 해결하고자 토스는 가장 편리한 금융 서비스인 동시에 생존에 필수인 ‘돈’에 관해 꼭 필요한 정보를 얻는 곳이 되기 위해 애쓰고 있다. 이 책은 사용자들에게 자주 받아온 “금융교육은 어디서 받나요?”라는 질문에 토스가 내놓는 답이자, ‘누구나 편리하고 평등하게 금융하는 세상 만들기’라는 진심을 말하는 시작점이다."
https://contents.kyobobook.co.kr/sih/fit-in/300x0/pdt/9788954616515.jpg,희랍어 시간,한강,·,문학동네,10%,"한국인 최초 맨부커상 수상 작가 한강의 장편소설 『희랍어 시간』. 말을 잃어가는 한 여자의 침묵과 눈을 잃어가는 한 남자의 빛이 만나는 순간을 그리고 있다. 열일곱 살 겨울, 여자는 어떤 원인이나 전조 없이 말을 잃는다. 말을 잃고 살던 그녀의 입을 다시 움직이게 한 건 낯선 외국어였던 한 개의 불어 단어였다. 시간이 흘러, 이혼을 하고 아이의 양육권을 빼앗기고 다시 말을 잃어버린 여자는 죽은 언어가 된 희랍어를 선택한다. 그곳에서 만난 희랍어 강사와 여자는 침묵을 사이에 놓고 더듬더듬 대화한다. 한편, 가족을 모두 독일에 두고 혼자 한국으로 돌아와 희랍어를 가르치는 남자는 점점 빛을 잃어가고 있다. 그는 아카데미의 수강생 중 말을 하지도, 웃지도 않는 여자를 주의 깊게 지켜보지만 그녀의 단단한 침묵에 두려움을 느끼는데…."
https://contents.kyobobook.co.kr/sih/fit-in/300x0/pdt/9788965422785.jpg,해커스 토익 기출 VOCA(보카),David Cho,·,해커스어학연구소,10%,"1. 토익 기출 보카 30일 완성!
2. 주제별 연상암기로 쉽고 재미있게 단어 학습
3. 최신 기출 단어 및 출제포인트 수록
4. 목표 점수대별 필수 단어로 맞춤 학습 가능
5. 출제율 높은 핵심 단어만 골라 효율적으로 학습
6. 토익 신유형 대비 〈토익 필수 이디엄 표현〉 수록
7. 실전 감각을 키우는 토익 실전문제 13회분 제공(교재 3회+온라인 10회)"
https://contents.kyobobook.co.kr/sih/fit-in/300x0/pdt/9791130646381.jpg,이처럼 사소한 것들,클레어 키건,·,다산책방,10%,"* 문학평론가 신형철, 르포작가 은유 추천
* 2022 오웰상 소설 부문 수상	
* 킬리언 머피 주연·제작 영화화

2023년 4월 국내에 처음 소개된 『맡겨진 소녀』로 국내 문인들과 문학 독자들의 열렬한 환호를 받은 클레어 키건의 대표작 『이처럼 사소한 것들』이 다산책방에서 번역 출간되었다. 작가가 전작 『맡겨진 소녀』 이후 11년 만에 세상에 내놓은 소설로, 자국에서는 이미 오래전부터 거장의 반열에 오른 키건에게 미국을 넘어 세계적인 명성을 안겨준 작품이다. 2022년 부커상 최종후보에 오르고, 같은 해 오웰상(소설 부문), 케리그룹 문학상 등 유수의 문학상을 휩쓸었으며, 특히 부커상 심사위원회는 “아름답고 명료하며 실리적인 소설”이라는 평을 보내며 이 소설이 키건의 정수가 담긴 작품임을 알렸다. 전 세계 독자들의 사랑과 언론의 호평을 받으며 베스트셀러에 오른 이 책은, 자신이 속한 사회 공동체의 은밀한 공모를 발견하고 자칫 모든 걸 잃을 수 있는 선택 앞에서 고뇌하는 한 남자의 내면을 그린 작품이다. 키건 특유의 섬세한 관찰과 정교한 문체로 한 인간의 도덕적 동요와 내적 갈등, 실존적 고민을 치밀하게 담아냈다. 저자의 열렬한 팬으로 유명한 아일랜드 출신의 배우 킬리언 머피는 직접 제작과 주연을 맡아 이 소설을 영화로 만들고 있으며 현재 모든 촬영을 마친 상태이다."
https://contents.kyobobook.co.kr/sih/fit-in/300x0/pdt/9791167372864.jpg,구의 증명(리커버판),최진영,·,은행나무,10%,"사랑 후 남겨진 것들에 관한 숭고할 만큼 아름다운 이야기

최진영 소설 《구의 증명》은 사랑하는 연인의 갑작스러운 죽음 이후 겪게 되는 상실과 애도의 과정을 통해 삶의 의미 혹은 죽음의 의미를 되묻는 소설이다. 이 작품에서 최진영은 퇴색하지 않는 사랑의 가치를 전면에 내세우고 아름다운 문장과 감성적이며 애절한 감수성을 통해 젊고 아름다운 남녀의 열정적인 사랑과 냉정한 죽음에 대해 세련된 감성과 탁월한 문체로 담아내고 있다."
https://contents.kyobobook.co.kr/sih/fit-in/300x0/pdt/9791167740984.jpg,도둑맞은 집중력,요한 하리,·,어크로스,10%,"집중력 부족을 개인 탓, 도파민 탓이라고 생각했던 통념에서 깨어나 사회 시스템의 문제를 인식하자는 제안을 던진 책 《도둑맞은 집중력》이 30만 부 기념 특별 한정판 ‘아이스 에디션’으로 돌아왔다.
2023년 독자, 서점, 언론이 뽑은 올해의 책 1위이자 30만 독자가 선택한 책 《도둑맞은 집중력》은 위트 있는 독서 후기로도 화제가 되었다. 책을 구입해 두고 “집중력 도둑맞아서 못 읽었다”는 트윗, “도둑맞은 집중력 읽고 트위터가 얼마나 해로운지 잘 아는 상태로 트위터 하는 사람 됐다”는 고백, “미국인 평균 스크린 타임은 3시간 15분”이라는 내용을 보고 책 읽기를 멈추고 확인했더니 7시간 30분이었다는 한탄까지...  독자들의 도둑맞은 집중력을 완전히 되찾아줄 수 없었던 출판사는 올여름을 맞이해 특단의 대책을 마련했다. 
그래서 탄생한 《도둑맞은 집중력》 아이스 에디션. 표지만 봐도 시원하고, 책을 넘길수록 더위가 가실 것 같고, 그래서 없던 집중력이 돌아오며 정신이 번쩍 들 것만 같다. 책에서 지목한 집중력을 망가뜨리는 13가지 원인, 즉 스크린 중독, 멀티태스킹, 수면 부족, 사라진 독서 시간, 과도한 노동 강도, 질 낮아진 식단, 학교 교육 방식과 더불어 여름 더위라는, 누구도 쉽게 피해 가지 못할 집중력 도둑에 맞설 가장 강력한 무기 《도둑맞은 집중력》 아이스 에디션을 만나보자."
